id,label,prob_omics
GSM1424164,0,0.009061317
GSM1424096,0,0.029964026
GSM1424120,0,0.00048679597
GSM1423911,1,0.9937383
GSM1424130,0,0.0156556
GSM1423837,1,0.98968995
GSM1424154,0,0.041751146
GSM1423937,1,0.96487725
GSM1424222,0,0.07627531
GSM1424243,0,0.002548579
GSM1424102,0,0.0064526987
GSM1423853,1,0.9866735
GSM1423815,1,0.9498293
GSM1423945,1,0.9786027
GSM1424039,1,0.9819879
GSM1423902,1,0.9954005
GSM1423795,1,0.99377245
GSM1424195,0,0.07995548
GSM1423813,1,0.9805592
GSM1424040,1,0.98123944
GSM1424005,1,0.93631864
GSM1423980,1,0.922338
GSM1424117,0,0.005823401
GSM1424231,0,0.025369683
GSM1424149,0,0.012614141
GSM1423864,1,0.9921995
GSM1424245,0,0.016788488
GSM1424012,1,0.9915325
GSM1424140,0,0.019726926
GSM1424165,0,0.016306859
GSM1424078,1,0.9796143
GSM1423932,1,0.98577845
GSM1423859,1,0.96336603
GSM1423883,1,0.9934342
GSM1423805,1,0.89959246
GSM1424216,0,0.02630058
GSM1423938,1,0.9767809
GSM1424055,1,0.97110206
GSM1424127,0,0.005483733
GSM1424038,1,0.9684641
GSM1424118,0,0.006727863
GSM1423975,1,0.9209085
GSM1424142,0,0.004930309
GSM1424013,1,0.9846556
GSM1423900,1,0.9935899
GSM1423819,1,0.98432297
GSM1423818,1,0.9844536
GSM1424103,0,0.008019957
GSM1424060,1,0.9945134
GSM1423973,1,0.9068506
GSM1424228,0,0.025660725
GSM1423895,1,0.9766366
GSM1423858,1,0.9667226
GSM1424065,1,0.9093364
GSM1423966,1,0.92651534
GSM1423912,1,0.96851426
GSM1424104,0,0.015309345
GSM1423991,1,0.98131245
GSM1424200,0,0.0041736183
GSM1423962,1,0.9282664
GSM1423930,1,0.9815865
GSM1424129,0,0.06968123
GSM1423891,1,0.9642513
GSM1423786,1,0.97583973
GSM1423877,1,0.9861227
GSM1423816,1,0.94943804
GSM1423987,1,0.96932226
GSM1423843,1,0.9617242
GSM1424075,1,0.974498
GSM1424204,0,0.0057412847
GSM1424181,0,0.0033980736
GSM1423840,1,0.9556682
GSM1424136,0,0.04400564
GSM1424014,1,0.9869402
GSM1424169,0,0.01822951
GSM1423852,1,0.9316521
GSM1424224,0,0.0064565917
GSM1423961,1,0.9907121
GSM1423876,1,0.922781
GSM1424100,0,0.019060029
GSM1424153,0,0.009594475
GSM1424172,0,0.015700148
GSM1423918,1,0.97807866
GSM1424155,0,0.014207719
GSM1424049,1,0.98274684
GSM1424105,0,0.011394879
GSM1423964,1,0.974373
GSM1423869,1,0.9814076
GSM1423836,1,0.9821162
GSM1424079,1,0.98670805
GSM1423943,1,0.98656636
GSM1424219,0,0.03630863
GSM1423898,1,0.99521905
GSM1424139,0,0.006354932
GSM1423829,1,0.98313636
GSM1424003,1,0.9789626
GSM1423798,1,0.9361013
GSM1423787,1,0.9884682
GSM1424027,1,0.9837159
GSM1424246,0,0.008776221
GSM1424000,1,0.95446837
GSM1424133,0,0.005536845
GSM1424108,0,0.010612638
GSM1424178,0,0.0013853544
GSM1423935,1,0.9790277
GSM1424059,1,0.9868947
GSM1423803,1,0.9353354
GSM1424022,1,0.98743814
GSM1424221,0,0.0058346754
GSM1423936,1,0.97392094
GSM1423894,1,0.9735511
GSM1424054,1,0.98106325
GSM1424051,1,0.9903654
GSM1423861,1,0.95818645
GSM1424064,1,0.9433394
GSM1424141,0,0.008960272
GSM1424137,0,0.010839385
GSM1424030,1,0.96793026
GSM1424180,0,0.0045494298
GSM1424042,1,0.9845674
GSM1424162,0,0.012744702
GSM1423878,1,0.9496691
GSM1423959,1,0.9862895
GSM1423892,1,0.9483029
GSM1423927,1,0.9812227
GSM1423880,1,0.9478293
GSM1423857,1,0.98413557
GSM1424094,0,0.0040163053
GSM1424112,0,0.020133382
GSM1423923,1,0.9865828
GSM1424066,1,0.9713964
GSM1424242,0,0.021086881
GSM1423839,1,0.9886304
GSM1424122,0,0.0056261607
GSM1423917,1,0.9769961
GSM1423855,1,0.97614235
GSM1424063,1,0.98260593
GSM1424227,0,0.004466535
GSM1424187,0,0.004960637
GSM1423992,1,0.9640594
GSM1423951,1,0.9523983
GSM1423996,1,0.989131
GSM1424111,0,0.011790109
GSM1424020,1,0.9449495
GSM1423812,1,0.98930055
GSM1424197,0,0.0012593366
GSM1424132,0,0.0076399106
GSM1424098,0,0.004265459
GSM1424071,1,0.9762864
GSM1424092,0,0.011649799
GSM1424234,0,0.008294049
GSM1423804,1,0.97526836
GSM1423953,1,0.9887313
GSM1423928,1,0.985846
GSM1423807,1,0.95078063
GSM1424011,1,0.9853476
GSM1423789,1,0.9668897
GSM1423934,1,0.97842467
GSM1423808,1,0.9102908
GSM1424121,0,0.0061550685
GSM1423913,1,0.98800373
GSM1423870,1,0.9925309
GSM1424041,1,0.932877
GSM1423999,1,0.9496477
GSM1424081,1,0.985044
GSM1424239,0,0.021407114
GSM1424193,0,0.0028689886
GSM1424214,0,0.0053935163
GSM1424087,1,0.9904661
GSM1423919,1,0.98234636
GSM1423794,1,0.99253243
GSM1424207,0,0.004406104
GSM1423846,1,0.96005154
GSM1424067,1,0.9427068
GSM1423799,1,0.95775944
GSM1424201,0,0.010150793
GSM1423809,1,0.8878773
GSM1423875,1,0.9809287
GSM1423997,1,0.9873374
GSM1424194,0,0.004156978
GSM1424018,1,0.97322965
GSM1424052,1,0.9800802
GSM1423888,1,0.98467433
GSM1423905,1,0.8747906
GSM1424069,1,0.9702138
GSM1424176,0,0.00948798
GSM1423916,1,0.94507533
GSM1423947,1,0.9930989
GSM1423831,1,0.9884547
GSM1423948,1,0.9770131
GSM1424085,1,0.9857507
GSM1424057,1,0.94499946
GSM1424035,1,0.9651391
GSM1423976,1,0.9292093
GSM1423896,1,0.9177912
GSM1423904,1,0.98132336
GSM1423866,1,0.9942887
GSM1423785,1,0.9879446
GSM1424086,1,0.94281906
GSM1423978,1,0.9745404
GSM1424016,1,0.9692267
GSM1423920,1,0.963168
GSM1423792,1,0.97690874
GSM1424009,1,0.9887399
GSM1423942,1,0.9505908
GSM1424220,0,0.022585416
GSM1424074,1,0.9682864
GSM1424048,1,0.9492037
GSM1424168,0,0.013745281
GSM1423856,1,0.9525242
GSM1424196,0,0.025834834
GSM1424144,0,0.014650117
GSM1423817,1,0.98866886
GSM1423963,1,0.9794384
GSM1423884,1,0.8007704
GSM1423909,1,0.9698747
GSM1424062,1,0.98353106
GSM1423915,1,0.94127446
GSM1424036,1,0.9815863
GSM1424190,0,0.011700022
GSM1423863,1,0.9877384
GSM1424033,1,0.96606797
GSM1424002,1,0.99010617
GSM1423806,1,0.9685782
GSM1423960,1,0.9832622
GSM1424173,0,0.041394446
GSM1424091,0,0.0062648924
GSM1424226,0,0.008963553
GSM1424174,0,0.017583909
GSM1424212,0,0.0058748135
GSM1423995,1,0.9470525
GSM1424189,0,0.012578456
GSM1424185,0,0.029046662
GSM1423950,1,0.085871264
GSM1424090,0,0.022987183
GSM1424211,0,0.038979873
GSM1423790,1,0.9896571
GSM1423781,1,0.7393649
GSM1424119,0,0.0036312859
GSM1424208,0,0.0017686875
GSM1424001,1,0.9957196
GSM1423780,1,0.7791366
GSM1423908,1,0.9699449
GSM1423873,1,0.9738037
GSM1423924,1,0.91448903
GSM1424218,0,0.09695701
GSM1424148,0,0.0025838346
GSM1424171,0,0.0036558046
GSM1423972,1,0.9558834
GSM1423788,1,0.9777594
GSM1424191,0,0.011976058
GSM1424097,0,0.0032891114
GSM1424159,0,0.0034392541
GSM1423998,1,0.970394
GSM1424167,0,0.015267894
GSM1424202,0,0.00456495
GSM1424145,0,0.0324583
GSM1424183,0,0.0026938117
GSM1423850,1,0.981631
GSM1423965,1,0.9522061
GSM1424179,0,0.009784375
GSM1423887,1,0.98240143
GSM1423990,1,0.9648189
GSM1424186,0,0.011274086
GSM1423802,1,0.95945984
GSM1423874,1,0.9914739
GSM1423784,1,0.97558707
GSM1424209,0,0.0026671893
GSM1424045,1,0.97101474
GSM1423844,1,0.96184134
GSM1423845,1,0.95455235
GSM1423955,1,0.9823825
GSM1424031,1,0.9810034
GSM1424134,0,0.017708018
GSM1423826,1,0.9546599
GSM1423897,1,0.98537874
GSM1424151,0,0.0043467917
GSM1423847,1,0.97598207
GSM1424019,1,0.98908854
GSM1424198,0,0.01437622
GSM1423921,1,0.98539644
GSM1424203,0,0.0042731375
GSM1424115,0,0.013481333
GSM1424150,0,0.0068175625
GSM1424235,0,0.011154775
GSM1423907,1,0.9899463
GSM1423823,1,0.9765945
GSM1423899,1,0.9383581
GSM1424007,1,0.9737704
GSM1424010,1,0.4688584
GSM1423970,1,0.96299344
GSM1424158,0,0.008359529
GSM1423984,1,0.96558994
GSM1423925,1,0.9137326
GSM1424230,0,0.02064315
GSM1423881,1,0.9597761
GSM1424029,1,0.9651011
GSM1423889,1,0.9880606
GSM1423941,1,0.92578375
GSM1423956,1,0.9732108
GSM1423979,1,0.9871128
GSM1424237,0,0.02875604
GSM1424046,1,0.8479061
GSM1424026,1,0.9440239
GSM1424146,0,0.007930391
GSM1423958,1,0.9767935
GSM1423824,1,0.9794224
GSM1424110,0,0.024815228
GSM1423833,1,0.9628778
GSM1423822,1,0.99530655
GSM1423903,1,0.99303645
GSM1423926,1,0.9745223
GSM1424008,1,0.9584378
GSM1424068,1,0.9815083
GSM1423810,1,0.9859175
GSM1424004,1,0.9675404
GSM1423835,1,0.9906607
GSM1424175,0,0.008207978
GSM1423885,1,0.9895537
GSM1423974,1,0.94115037
GSM1423890,1,0.95253295
GSM1424125,0,0.0382934
GSM1424152,0,0.0134809585
GSM1423797,1,0.9539022
GSM1423952,1,0.96543515
GSM1423820,1,0.98952067
